DATE,ALVO_FECHOU_GAP_30MIN,GAP_NA_FAIXA_IDEAL,DIVERGENCIA_ABERTURA,GAP_ALTA,GAP_PORCENTAGEM_norm,DIAS_DESDE_ULTIMO_GAP_norm,VOLATILIDADE_ANTERIOR_norm,FORCA_ABERTURA_10MIN_norm,TEND_Aumentando,TEND_Diminuindo,TEND_Estável
2020-10-16,0,1,0,0,0.4323,0.0,0.0,0.4613,False,False,True
2020-10-19,0,0,1,1,0.4979,0.0714,0.1884,0.5214,False,False,True
2020-10-20,0,0,0,1,0.5186,0.0714,0.3334,0.6697,True,False,False
2020-10-21,1,1,1,0,0.4451,0.0714,0.3318,0.564,False,False,True
2020-10-22,1,1,1,1,0.4728,0.0714,0.3271,0.3758,False,False,True
2020-10-23,1,1,1,1,0.4648,0.0714,0.3578,0.353,True,False,False
2020-10-26,1,0,1,0,0.4097,0.0714,0.2291,0.6313,False,True,False
2020-10-27,0,0,0,1,0.4863,0.0714,0.4149,0.5443,True,False,False
2020-10-28,0,0,0,0,0.2736,0.0714,0.4764,0.3968,True,False,False
2020-10-29,1,1,1,1,0.4564,0.0714,0.5748,0.2771,True,False,False
2020-10-30,0,0,0,0,0.4078,0.0714,0.7217,0.3588,True,False,False
2020-11-03,0,0,1,1,0.63,0.1429,0.5648,0.4999,False,True,False
2020-11-04,0,0,0,1,0.6417,0.0714,0.2724,0.7045,False,True,False
2020-11-05,0,0,1,1,0.6064,0.0714,0.4049,0.5272,True,False,False
2020-11-06,0,0,1,0,0.3662,0.0714,0.3972,0.5811,False,False,True
2020-11-09,0,0,1,1,0.8713,0.0714,0.2371,0.4282,False,True,False
2020-11-10,1,0,1,0,0.4088,0.0714,0.3872,0.6044,True,False,False
2020-11-11,0,0,1,0,0.345,0.0714,0.4413,0.6391,True,False,False
2020-11-12,0,0,1,1,0.483,0.0714,0.2603,0.4417,False,True,False
2020-11-13,0,0,0,1,0.5602,0.0714,0.5913,0.6348,True,False,False
2020-11-16,0,0,1,1,0.6584,0.0714,0.3604,0.4085,False,True,False
2020-11-17,1,1,0,0,0.4325,0.0714,0.2325,0.5283,False,True,False
2020-11-18,1,1,1,1,0.4562,0.0714,0.3925,0.4811,True,False,False
2020-11-19,1,0,1,0,0.4004,0.0714,0.256,0.6458,False,True,False
2020-11-20,1,1,1,0,0.4464,0.0714,0.3032,0.6028,True,False,False
2020-11-23,0,0,1,1,0.5378,0.0714,0.209,0.5151,False,True,False
2020-11-24,0,0,1,1,0.496,0.0714,0.189,0.5338,False,False,True
2020-11-25,1,1,1,0,0.4349,0.0714,0.4607,0.6452,True,False,False
2020-11-26,0,0,1,0,0.3863,0.0714,0.2665,0.5676,False,True,False
2020-11-27,0,0,1,1,0.5121,0.0714,0.1684,0.3499,False,True,False
2020-11-30,1,0,1,0,0.3843,0.0714,0.2523,0.642,True,False,False
2020-12-01,0,0,0,1,0.5446,0.0714,0.4099,0.552,True,False,False
2020-12-02,1,0,1,0,0.411,0.0714,0.306,0.9094,False,True,False
2020-12-03,0,0,0,1,0.5088,0.0714,0.3215,0.5746,False,False,True
2020-12-04,1,1,1,0,0.4443,0.0714,0.292,0.5669,False,True,False
2020-12-07,1,1,0,0,0.4364,0.0714,0.1752,0.5418,False,True,False
2020-12-08,0,0,0,0,0.4146,0.0714,0.2053,0.4293,True,False,False
2020-12-09,1,0,1,1,0.4749,0.0714,0.2974,0.4522,True,False,False
2020-12-10,0,0,0,1,0.4957,0.0714,0.279,0.7095,False,False,True
2020-12-11,0,0,0,0,0.3961,0.0714,0.4837,0.5095,True,False,False
2020-12-14,1,0,1,1,0.5038,0.0714,0.2754,0.4146,False,True,False
2020-12-15,1,1,0,0,0.443,0.0714,0.2769,0.5073,False,False,True
2020-12-16,0,0,0,1,0.4821,0.0714,0.2798,0.5832,False,False,True
2020-12-17,1,1,1,1,0.4726,0.0714,0.4757,0.4197,True,False,False
2020-12-18,1,1,0,1,0.457,0.0714,0.244,0.6831,False,True,False
2020-12-21,0,0,0,0,0.2035,0.0714,0.2282,0.5394,False,False,True
2020-12-22,0,0,1,0,0.3783,0.0714,0.3922,0.6174,True,False,False
2020-12-23,0,0,0,1,0.4842,0.0714,0.2457,0.6217,False,True,False
2020-12-28,0,0,1,1,0.5093,0.2143,0.265,0.5371,False,False,True
2020-12-29,0,0,1,1,0.5069,0.0714,0.1895,0.5254,False,True,False
2020-12-30,0,0,0,1,0.475,0.0714,0.2022,0.6483,False,False,True
2021-01-04,0,0,0,1,0.5222,0.2143,0.2288,0.5678,True,False,False
2021-01-05,0,0,0,0,0.4069,0.0714,0.4044,0.506,True,False,False
2021-01-06,1,1,1,0,0.4406,0.0714,0.557,0.6701,True,False,False
2021-01-07,0,0,1,0,0.3982,0.0714,0.3768,0.5869,False,True,False
2021-01-08,0,0,0,1,0.5555,0.0714,0.4352,0.6318,True,False,False
2021-01-11,0,0,0,0,0.3388,0.0714,0.508,0.3637,True,False,False
2021-01-12,0,0,1,1,0.5099,0.0714,0.3319,0.5054,False,True,False
2021-01-13,0,1,0,0,0.4346,0.0714,0.2484,0.5032,False,True,False
2021-01-14,0,0,0,1,0.4727,0.0714,0.5148,0.8243,True,False,False
2021-01-15,0,0,1,0,0.2711,0.0714,0.2653,0.5606,False,True,False
2021-01-18,1,1,0,1,0.4547,0.0714,0.3338,0.685,True,False,False
2021-01-19,0,0,1,1,0.535,0.0714,0.3543,0.389,False,False,True
2021-01-20,0,0,1,1,0.5146,0.0714,0.5296,0.5186,True,False,False
2021-01-21,1,0,1,0,0.4173,0.0714,0.4847,0.7175,False,True,False
2021-01-22,0,0,0,0,0.298,0.0714,0.4265,0.5273,False,True,False
2021-01-26,0,0,1,1,0.4896,0.1429,0.2361,0.5394,False,True,False
2021-01-27,1,0,0,0,0.4042,0.0714,0.4961,0.5443,True,False,False
2021-01-28,1,0,1,0,0.395,0.0714,0.542,0.6447,True,False,False
2021-01-29,0,0,0,0,0.3779,0.0714,0.6428,0.3712,True,False,False
2021-02-01,0,0,1,1,0.5134,0.0714,0.5679,0.5176,False,True,False
2021-02-02,0,0,0,1,0.5371,0.0714,0.4112,0.7877,False,True,False
2021-02-03,0,0,0,1,0.5033,0.0714,0.383,0.6181,False,True,False
2021-02-04,0,0,0,1,0.475,0.0714,0.278,0.5514,False,True,False
2021-02-05,0,0,0,1,0.4759,0.0714,0.3195,0.6011,True,False,False
2021-02-08,1,0,1,1,0.4864,0.0714,0.3151,0.3909,False,False,True
2021-02-09,0,1,0,0,0.4349,0.0714,0.3169,0.5063,False,False,True
2021-02-10,1,0,1,0,0.4239,0.0714,0.3118,0.5514,False,False,True
2021-02-11,0,0,0,1,0.5041,0.0714,0.336,0.5633,True,False,False
2021-02-12,0,1,0,0,0.4291,0.0714,0.3262,0.4252,False,False,True
2021-02-17,0,0,1,1,0.5039,0.2143,0.3026,0.4732,False,True,False
2021-02-18,1,1,1,1,0.4691,0.0714,0.3051,0.5396,False,False,True
2021-02-19,0,0,1,0,0.3796,0.0714,0.4148,0.6137,True,False,False
2021-02-22,0,0,0,0,0.0,0.0714,0.2524,0.5443,False,True,False
2021-02-23,0,1,0,1,0.4731,0.0714,0.5192,0.6488,True,False,False
2021-02-24,0,0,0,1,0.5428,0.0714,0.385,0.5711,False,True,False
2021-02-25,1,1,1,0,0.4462,0.0714,0.287,0.5957,False,True,False
2021-02-26,1,0,1,0,0.4075,0.0714,0.6534,0.6448,True,False,False
2021-03-01,0,0,0,1,0.5669,0.0714,0.6294,0.651,False,True,False
2021-03-02,0,0,0,0,0.2581,0.0714,0.4104,0.2773,False,True,False
2021-03-03,0,0,0,0,0.371,0.0714,0.9982,0.3486,True,False,False
2021-03-04,1,0,1,1,0.4914,0.0714,0.9664,0.3595,False,True,False
2021-03-05,0,0,1,1,0.4949,0.0714,0.6006,0.5041,False,True,False
2021-03-08,0,0,0,0,0.2455,0.0714,0.5884,0.4492,False,False,True
2021-03-09,0,0,1,0,0.3194,0.0714,0.6272,0.763,True,False,False
2021-03-10,0,0,1,1,0.4991,0.0714,0.6573,0.5113,True,False,False
2021-03-11,0,0,0,1,0.562,0.0714,0.5838,0.604,False,True,False
2021-03-12,0,0,0,0,0.4044,0.0714,0.3366,0.4475,False,True,False
2021-03-15,0,0,1,0,0.4156,0.0714,0.224,0.5842,False,True,False
2021-03-16,0,1,0,0,0.4306,0.0714,0.3086,0.4925,True,False,False
2021-03-17,0,0,0,0,0.4008,0.0714,0.2979,0.5268,False,False,True
2021-03-18,0,0,0,0,0.4146,0.0714,0.6583,0.254,True,False,False
2021-03-19,0,0,1,1,0.5142,0.0714,0.4403,0.4633,False,True,False
2021-03-22,0,0,1,0,0.3659,0.0714,0.3368,0.5541,False,True,False
2021-03-23,0,0,0,0,0.3853,0.0714,0.3385,0.3807,False,False,True
2021-03-24,0,0,1,1,0.4828,0.0714,0.488,0.5418,True,False,False
2021-03-25,1,1,0,0,0.4484,0.0714,0.5946,0.524,True,False,False
2021-03-26,1,1,1,0,0.4406,0.0714,0.6067,0.6465,False,False,True
2021-03-29,1,0,1,0,0.3783,0.0714,0.4048,0.7331,False,True,False
2021-03-30,1,0,0,0,0.4114,0.0714,0.2975,0.5369,False,True,False
2021-03-31,1,1,0,0,0.4305,0.0714,0.4418,0.5151,True,False,False
2021-04-01,0,0,0,1,0.4842,0.0714,0.2536,0.5467,False,True,False
2021-04-05,0,0,0,1,0.5483,0.1429,0.3801,0.6735,True,False,False
2021-04-06,1,1,1,0,0.4454,0.0714,0.2822,0.5925,False,True,False
2021-04-07,1,1,0,0,0.4306,0.0714,0.1895,0.5443,False,True,False
2021-04-08,0,0,1,1,0.4799,0.0714,0.3202,0.5178,True,False,False
2021-04-09,0,0,0,0,0.388,0.0714,0.2818,0.3709,False,True,False
2021-04-12,1,1,0,1,0.4655,0.0714,0.2612,0.7316,False,False,True
2021-04-13,0,0,1,0,0.4241,0.0714,0.1879,0.5467,False,True,False
2021-04-14,0,0,0,1,0.4986,0.0714,0.281,0.7148,True,False,False
2021-04-15,0,0,0,1,0.4848,0.0714,0.3008,0.5841,False,False,True
2021-04-16,1,1,0,0,0.4333,0.0714,0.2282,0.5232,False,True,False
2021-04-19,1,1,1,1,0.456,0.0714,0.2115,0.4743,False,False,True
2021-04-20,1,0,1,0,0.4147,0.0714,0.2419,0.6988,True,False,False
2021-04-22,0,0,0,1,0.5072,0.1429,0.2565,0.6215,False,False,True
2021-04-23,0,0,1,1,0.5216,0.0714,0.3142,0.4926,True,False,False
2021-04-26,0,0,0,1,0.4974,0.0714,0.1728,0.577,False,True,False
2021-04-27,1,1,1,1,0.4525,0.0714,0.2726,0.4694,True,False,False
2021-04-28,0,0,0,1,0.4939,0.0714,0.3722,0.5773,True,False,False
2021-04-29,0,0,1,1,0.4742,0.0714,0.2409,0.4744,False,True,False
2021-04-30,0,0,0,0,0.3877,0.0714,0.3078,0.4448,True,False,False
2021-05-03,0,0,1,1,0.4883,0.0714,0.2345,0.4117,False,True,False
2021-05-04,1,1,1,0,0.4366,0.0714,0.262,0.6393,True,False,False
2021-05-05,0,0,1,1,0.5286,0.0714,0.3085,0.4321,True,False,False
2021-05-06,1,1,1,1,0.4622,0.0714,0.2761,0.3768,False,True,False
2021-05-07,0,0,1,1,0.5078,0.0714,0.1709,0.5114,False,True,False
2021-05-10,0,0,1,1,0.4969,0.0714,0.3159,0.512,True,False,False
2021-05-11,0,0,0,0,0.339,0.0714,0.1679,0.4388,False,True,False
2021-05-12,0,0,0,0,0.3659,0.0714,0.4531,0.3934,True,False,False
2021-05-13,0,0,1,1,0.4939,0.0714,0.4215,0.5254,False,True,False
2021-05-14,0,0,0,1,0.5462,0.0714,0.2906,0.6325,False,True,False
2021-05-17,1,0,1,0,0.402,0.0714,0.218,0.7891,False,True,False
2021-05-18,0,1,0,0,0.4409,0.0714,0.3097,0.5074,True,False,False
2021-05-19,0,0,1,0,0.3381,0.0714,0.1894,0.6164,False,True,False
2021-05-20,0,1,0,0,0.4413,0.0714,0.3057,0.5005,True,False,False
2021-05-21,1,1,1,0,0.4435,0.0714,0.1208,0.5558,False,True,False
2021-05-24,0,1,0,1,0.4696,0.0714,0.1848,0.5812,True,False,False
2021-05-25,0,1,0,1,0.4669,0.0714,0.2718,0.6035,True,False,False
2021-05-26,0,0,0,1,0.4846,0.0714,0.3382,0.6269,True,False,False
2021-05-27,1,1,0,1,0.455,0.0714,0.1578,0.5808,False,True,False
2021-05-28,1,1,1,1,0.4575,0.0714,0.1851,0.5375,True,False,False
2021-05-31,1,1,1,0,0.4423,0.0714,0.2535,0.6323,True,False,False
2021-06-01,0,0,0,1,0.5435,0.0714,0.1216,0.6444,False,True,False
2021-06-02,1,1,1,0,0.4437,0.0714,0.1968,0.6569,True,False,False
2021-06-04,1,1,1,0,0.4348,0.1429,0.2307,0.6144,True,False,False
2021-06-07,0,0,1,0,0.422,0.0714,0.1723,0.6469,False,True,False
2021-06-08,1,1,1,1,0.4588,0.0714,0.2861,0.3905,True,False,False
2021-06-09,1,1,0,0,0.4495,0.0714,0.2452,0.433,False,True,False
2021-06-10,1,0,0,1,0.482,0.0714,0.2533,0.5791,False,False,True
2021-06-11,1,1,0,0,0.4467,0.0714,0.1836,0.5443,False,True,False
2021-06-14,0,0,0,1,0.5033,0.0714,0.2671,0.6685,True,False,False
2021-06-15,1,1,1,0,0.4499,0.0714,0.238,0.5465,False,True,False
2021-06-16,0,0,1,1,0.5253,0.0714,0.1736,0.5162,False,True,False
2021-06-17,1,0,1,0,0.4223,0.0714,0.3276,0.7171,True,False,False
2021-06-18,1,1,0,0,0.4458,0.0714,0.3854,0.487,True,False,False
2021-06-21,1,0,1,1,0.4797,0.0714,0.2132,0.3383,False,True,False
2021-06-22,0,0,1,0,0.4077,0.0714,0.2353,0.5662,True,False,False
2021-06-23,1,1,1,0,0.4458,0.0714,0.1929,0.6319,False,True,False
2021-06-24,0,0,0,1,0.5316,0.0714,0.2884,0.6031,True,False,False
2021-06-25,1,1,1,0,0.4463,0.0714,0.1308,0.5987,False,True,False
2021-06-28,1,1,0,1,0.4553,0.0714,0.5096,0.6573,True,False,False
2021-06-29,0,1,0,0,0.4297,0.0714,0.2411,0.5354,False,True,False
2021-06-30,0,0,0,0,0.4041,0.0714,0.2154,0.5331,False,True,False
2021-07-01,1,1,0,1,0.4619,0.0714,0.1759,0.5554,False,True,False
2021-07-02,0,0,0,1,0.5238,0.0714,0.3642,0.5866,True,False,False
2021-07-05,0,1,0,0,0.4417,0.0714,0.2856,0.4093,False,True,False
2021-07-06,0,0,0,0,0.4015,0.0714,0.1827,0.4795,False,True,False
2021-07-07,0,0,0,1,0.5448,0.0714,0.2601,0.6092,True,False,False
2021-07-08,0,0,1,0,0.2412,0.0714,0.3381,0.6032,True,False,False
2021-07-12,0,0,0,1,0.5115,0.1429,0.2829,0.5913,False,True,False
2021-07-13,0,0,1,0,0.3984,0.0714,0.2869,0.5754,False,False,True
2021-07-14,0,0,0,1,0.5273,0.0714,0.344,0.6471,True,False,False
2021-07-15,1,0,1,0,0.427,0.0714,0.2563,0.6589,False,True,False
2021-07-16,0,0,1,1,0.4816,0.0714,0.3497,0.4714,True,False,False
2021-07-19,0,0,1,0,0.2877,0.0714,0.3776,0.6285,True,False,False
2021-07-20,1,1,1,1,0.4617,0.0714,0.2354,0.4125,False,True,False
2021-07-21,0,1,1,1,0.4612,0.0714,0.3563,0.5195,True,False,False
2021-07-22,1,1,1,0,0.4461,0.0714,0.1559,0.578,False,True,False
2021-07-23,0,1,0,0,0.4487,0.0714,0.1847,0.4771,True,False,False
2021-07-26,1,1,0,1,0.4541,0.0714,0.3153,0.6415,True,False,False
2021-07-27,0,0,1,0,0.394,0.0714,0.2247,0.5578,False,True,False
2021-07-28,0,0,0,1,0.5081,0.0714,0.3154,0.5804,True,False,False
2021-07-29,1,1,1,1,0.457,0.0714,0.299,0.5376,False,False,True
2021-07-30,0,0,0,0,0.3499,0.0714,0.2615,0.3784,False,True,False
2021-08-02,0,0,0,1,0.5895,0.0714,0.5647,0.5535,True,False,False
2021-08-03,0,1,0,0,0.4323,0.0714,0.3322,0.3504,False,True,False
2021-08-04,0,0,0,0,0.4205,0.0714,0.515,0.2317,True,False,False
2021-08-05,0,0,1,1,0.5761,0.0714,0.3815,0.5259,False,True,False
2021-08-06,0,1,0,1,0.4629,0.0714,0.4296,0.6559,True,False,False
2021-08-09,1,0,1,0,0.4001,0.0714,0.3064,0.6694,False,True,False
2021-08-10,0,0,1,1,0.476,0.0714,0.2547,0.4983,False,True,False
2021-08-11,1,1,1,1,0.4676,0.0714,0.2485,0.2875,False,False,True
2021-08-12,0,0,0,0,0.4136,0.0714,0.3444,0.358,True,False,False
2021-08-13,0,0,1,1,0.508,0.0714,0.239,0.4858,False,True,False
2021-08-16,0,0,1,0,0.4059,0.0714,0.2374,0.6289,False,False,True
2021-08-17,0,0,0,0,0.4193,0.0714,0.3526,0.332,True,False,False
2021-08-18,1,0,1,1,0.5108,0.0714,0.5044,0.4628,True,False,False
2021-08-19,0,0,1,0,0.2906,0.0714,0.4446,0.7604,False,True,False
2021-08-20,0,0,1,0,0.3403,0.0714,0.5326,0.6924,True,False,False
2021-08-23,1,1,1,1,0.4645,0.0714,0.4835,0.4847,False,True,False
2021-08-24,0,0,0,1,0.5479,0.0714,0.2385,0.6179,False,True,False
2021-08-25,0,0,0,0,0.418,0.0714,0.317,0.5278,True,False,False
2021-08-26,0,0,1,0,0.39,0.0714,0.2921,0.5654,False,True,False
2021-08-27,0,0,1,1,0.4997,0.0714,0.3785,0.4782,True,False,False
2021-08-30,0,0,1,0,0.3782,0.0714,0.2991,0.7042,False,True,False
2021-08-31,1,1,0,0,0.4411,0.0714,0.1917,0.5231,False,True,False
2021-09-01,1,0,1,1,0.5088,0.0714,0.4085,0.3571,True,False,False
2021-09-02,0,0,0,0,0.3967,0.0714,0.3432,0.2947,False,True,False
2021-09-03,0,0,1,1,0.524,0.0714,0.3962,0.3787,True,False,False
2021-09-06,1,0,1,0,0.4165,0.0714,0.3693,0.5953,False,True,False
2021-09-08,0,0,0,0,0.4155,0.1429,0.3475,0.3062,False,True,False
2021-09-09,1,0,0,1,0.4883,0.0714,0.7718,0.733,True,False,False
2021-09-10,0,0,1,1,0.5966,0.0714,0.8007,0.4404,True,False,False
2021-09-13,0,0,0,1,0.5857,0.0714,0.4785,0.5589,False,True,False
2021-09-14,1,1,1,1,0.472,0.0714,0.3032,0.4474,False,True,False
2021-09-15,1,1,1,1,0.4693,0.0714,0.2706,0.3501,False,True,False
2021-09-16,0,0,0,0,0.3645,0.0714,0.2942,0.3562,True,False,False
2021-09-17,0,0,0,0,0.424,0.0714,0.2062,0.3877,False,True,False
2021-09-20,0,0,1,0,0.2252,0.0714,0.4867,0.6921,True,False,False
2021-09-21,0,0,1,1,0.5189,0.0714,0.4463,0.4591,False,True,False
2021-09-22,0,0,0,1,0.6104,0.0714,0.3784,0.6683,False,True,False
2021-09-23,0,0,1,1,0.4944,0.0714,0.3123,0.5041,False,True,False
2021-09-24,0,0,0,0,0.3616,0.0714,0.3598,0.4767,True,False,False
2021-09-27,0,1,0,0,0.4466,0.0714,0.2123,0.4594,False,True,False
2021-09-28,0,0,1,0,0.3632,0.0714,0.5017,0.6448,True,False,False
2021-09-29,0,0,1,1,0.5316,0.0714,0.5955,0.4627,True,False,False
2021-09-30,0,0,1,1,0.5529,0.0714,0.3165,0.3319,False,True,False
2021-10-01,0,0,0,1,0.5041,0.0714,0.3459,0.5876,True,False,False
2021-10-04,0,0,0,0,0.405,0.0714,0.3606,0.2666,False,False,True
2021-10-05,0,0,1,1,0.4976,0.0714,0.441,0.3731,True,False,False
2021-10-06,0,0,1,0,0.3013,0.0714,0.3264,0.5886,False,True,False
2021-10-07,0,0,1,1,0.4942,0.0714,0.4826,0.5213,True,False,False
2021-10-08,0,0,0,1,0.5532,0.0714,0.1776,0.6507,False,True,False
2021-10-11,1,1,1,1,0.4601,0.0714,0.4926,0.394,True,False,False
2021-10-13,0,0,1,1,0.5764,0.1429,0.3537,0.4918,False,True,False
2021-10-14,1,0,1,1,0.4839,0.0714,0.4176,0.5147,True,False,False
2021-10-15,1,1,1,1,0.4687,0.0714,0.2154,0.4429,False,True,False
2021-10-18,0,0,0,0,0.3336,0.0714,0.3295,0.4675,True,False,False
2021-10-19,0,0,0,0,0.2938,0.0714,0.4166,0.5194,True,False,False
2021-10-20,0,0,1,1,0.5549,0.0714,0.6036,0.3605,True,False,False
2021-10-21,0,0,1,0,0.1993,0.0714,0.3702,0.7495,False,True,False
2021-10-22,0,0,0,0,0.3506,0.0714,0.7309,0.5205,True,False,False
2021-10-25,0,0,0,1,0.5533,0.0714,1.0,0.7149,True,False,False
2021-10-26,0,0,0,0,0.3119,0.0714,0.4871,0.5076,False,True,False
2021-10-27,0,0,1,1,0.5206,0.0714,0.3011,0.5364,False,True,False
2021-10-28,1,0,0,0,0.3973,0.0714,0.4377,0.4779,True,False,False
2021-10-29,1,1,1,1,0.4612,0.0714,0.4125,0.3746,False,True,False
2021-11-01,0,0,1,1,0.6148,0.0714,0.5771,0.48,True,False,False
2021-11-03,0,0,0,0,0.3497,0.1429,0.3431,0.5281,False,True,False
2021-11-04,1,1,0,0,0.4498,0.0714,0.5492,0.3182,True,False,False
2021-11-05,0,0,0,1,0.5515,0.0714,0.5905,0.5578,True,False,False
2021-11-08,0,0,1,0,0.341,0.0714,0.2589,0.8019,False,True,False
2021-11-09,1,1,0,1,0.4643,0.0714,0.3968,0.622,True,False,False
2021-11-10,1,1,0,0,0.4374,0.0714,0.3764,0.4668,False,False,True
2021-11-11,0,0,1,1,0.6426,0.0714,0.4717,0.403,True,False,False
2021-11-12,1,0,1,0,0.4016,0.0714,0.2447,0.9207,False,True,False
2021-12-02,0,0,1,0,0.0013,1.0,0.4407,0.6551,True,False,False
2021-12-03,0,0,0,1,0.5271,0.0714,0.4619,1.0,True,False,False
2021-12-06,0,0,0,1,0.6199,0.0714,0.538,0.7258,True,False,False
2021-12-07,0,0,1,1,0.6181,0.0714,0.3935,0.5,False,True,False
2021-12-08,1,1,1,1,0.4718,0.0714,0.2625,0.3819,False,True,False
2021-12-09,0,0,1,0,0.3734,0.0714,0.2479,0.6102,False,False,True
2021-12-10,0,0,0,1,0.5756,0.0714,0.284,0.6364,True,False,False
2021-12-13,0,0,1,1,0.4777,0.0714,0.1992,0.5023,False,True,False
2021-12-14,0,1,0,1,0.4712,0.0714,0.395,0.74,True,False,False
2021-12-15,0,0,1,1,0.6333,0.0714,0.5348,0.2419,True,False,False
2021-12-16,0,0,0,1,0.6317,0.0714,0.3737,0.6242,False,True,False
2021-12-17,0,0,0,0,0.4026,0.0714,0.2542,0.461,False,True,False
2021-12-20,0,0,0,0,0.2982,0.0714,0.27,0.4069,False,False,True
2021-12-21,0,0,1,1,0.5516,0.0714,0.3222,0.4333,True,False,False
2021-12-22,1,1,1,0,0.4335,0.0714,0.1741,0.6267,False,True,False
2021-12-23,1,0,1,1,0.4899,0.0714,0.2756,0.4541,True,False,False
2021-12-27,0,1,0,1,0.4613,0.1429,0.2162,0.7393,False,True,False
2021-12-28,1,1,1,1,0.4681,0.0714,0.1779,0.4647,False,True,False
2021-12-29,1,0,1,1,0.4822,0.0714,0.2789,0.4028,True,False,False
2021-12-30,0,0,1,1,0.512,0.0714,0.2991,0.5309,False,False,True
2022-01-03,1,1,0,1,0.4697,0.1429,0.2398,0.5789,False,True,False
2022-01-04,1,0,1,1,0.4919,0.0714,0.5593,0.2627,True,False,False
2022-01-05,0,0,0,0,0.4195,0.0714,0.3269,0.4271,False,True,False
2022-01-06,1,1,1,1,0.473,0.0714,0.4759,0.4058,True,False,False
2022-01-07,1,0,1,1,0.4895,0.0714,0.258,0.3012,False,True,False
2022-01-10,0,0,0,0,0.3789,0.0714,0.3077,0.5028,True,False,False
2022-01-11,0,1,0,1,0.4663,0.0714,0.3328,0.5526,True,False,False
2022-01-12,0,1,0,1,0.464,0.0714,0.3787,0.7803,True,False,False
2022-01-13,0,0,1,0,0.3934,0.0714,0.4177,0.5871,True,False,False
2022-01-14,0,0,1,0,0.3732,0.0714,0.2659,0.6379,False,True,False
2022-01-17,0,0,1,0,0.4155,0.0714,0.369,0.5602,True,False,False
2022-01-18,0,0,1,0,0.4129,0.0714,0.1598,0.6107,False,True,False
2022-01-19,0,0,0,1,0.5165,0.0714,0.263,0.636,True,False,False
2022-01-20,1,1,0,1,0.4508,0.0714,0.2212,0.7422,False,True,False
2022-01-21,0,0,0,0,0.3594,0.0714,0.325,0.4768,True,False,False
2022-01-24,0,0,0,0,0.4224,0.0714,0.289,0.4794,False,True,False
2022-01-25,1,0,0,0,0.4181,0.0714,0.4185,0.5285,True,False,False
2022-01-26,0,0,0,1,0.5801,0.0714,0.5781,0.8128,True,False,False
2022-01-27,0,0,0,1,0.4869,0.0714,0.2618,0.5845,False,True,False
2022-01-28,1,1,1,0,0.4283,0.0714,0.2596,0.5821,False,False,True
2022-01-31,1,1,0,0,0.447,0.0714,0.2918,0.244,True,False,False
2022-02-01,1,0,1,0,0.4209,0.0714,0.225,0.7182,False,True,False
2022-02-02,1,1,0,1,0.4596,0.0714,0.2348,0.5817,False,False,True
2022-02-03,1,1,1,0,0.4344,0.0714,0.3442,0.7235,True,False,False
2022-02-04,1,1,1,1,0.4517,0.0714,0.2241,0.4001,False,True,False
2022-02-07,1,1,1,0,0.4292,0.0714,0.361,0.643,True,False,False
2022-02-08,0,0,0,0,0.3889,0.0714,0.1806,0.3567,False,True,False
2022-02-09,1,1,0,1,0.4569,0.0714,0.2334,0.658,True,False,False
2022-02-10,0,0,0,1,0.4841,0.0714,0.273,0.68,True,False,False
2022-02-11,0,0,0,1,0.5098,0.0714,0.3184,0.6163,True,False,False
2022-02-14,0,0,0,1,0.4815,0.0714,0.3317,0.6738,False,False,True
2022-02-15,0,0,0,1,0.4995,0.0714,0.1741,0.5492,False,True,False
2022-02-16,0,0,0,1,0.6421,0.0714,0.149,0.5904,False,True,False
2022-02-17,0,0,0,0,0.3926,0.0714,0.1449,0.4079,False,False,True
2022-02-18,1,0,1,1,0.4805,0.0714,0.2455,0.4193,True,False,False
2022-02-21,0,0,1,0,0.398,0.0714,0.2461,0.651,False,False,True
2022-02-22,0,0,1,1,0.5264,0.0714,0.2321,0.5393,False,False,True
2022-02-23,0,0,1,1,0.4817,0.0714,0.218,0.4899,False,False,True
2022-02-24,0,0,0,0,0.2071,0.0714,0.3416,0.4061,True,False,False
2022-02-25,1,1,1,0,0.4405,0.0714,0.4283,0.6454,True,False,False
2022-03-02,0,0,0,1,0.6513,0.2143,0.2575,0.8739,False,True,False
2022-03-03,0,1,0,1,0.4675,0.0714,0.2766,0.554,False,False,True
2022-03-04,0,0,0,0,0.4069,0.0714,0.1372,0.471,False,True,False
2022-03-07,1,1,0,1,0.4554,0.0714,0.2926,0.6529,True,False,False
2022-03-08,1,1,1,1,0.4708,0.0714,0.4795,0.3816,True,False,False
2022-03-09,1,0,1,1,0.4873,0.0714,0.2641,0.5242,False,True,False
2022-03-10,0,0,1,0,0.3681,0.0714,0.3876,0.8978,True,False,False
2022-03-11,0,0,0,1,0.4987,0.0714,0.3398,0.7463,False,True,False
2022-03-14,1,1,1,0,0.4457,0.0714,0.4671,0.5969,True,False,False
2022-03-15,0,0,0,0,0.3638,0.0714,0.5091,0.4026,True,False,False
2022-03-16,0,0,0,1,0.5561,0.0714,0.3404,0.6799,False,True,False
2022-03-17,0,0,0,1,0.4771,0.0714,0.4293,0.6578,True,False,False
2022-03-18,0,0,0,0,0.4216,0.0714,0.3865,0.5168,False,True,False
2022-03-21,1,1,1,0,0.4449,0.0714,0.5291,0.7032,True,False,False
2022-03-22,0,0,0,1,0.5026,0.0714,0.2331,0.6335,False,True,False
2022-03-23,1,1,1,0,0.4338,0.0714,0.1396,0.6044,False,True,False
2022-03-24,1,0,1,1,0.4749,0.0714,0.2213,0.4964,True,False,False
2022-03-25,1,0,0,1,0.4754,0.0714,0.3754,0.5986,True,False,False
2022-03-28,1,1,0,1,0.456,0.0714,0.2198,0.5443,False,True,False
2022-03-29,0,0,0,1,0.5792,0.0714,0.24,0.7389,False,False,True
2022-03-30,1,0,1,1,0.4809,0.0714,0.2347,0.3967,False,False,True
2022-03-31,1,1,1,0,0.4499,0.0714,0.1517,0.5607,False,True,False
2022-04-01,0,0,0,1,0.5327,0.0714,0.1827,0.6705,True,False,False
2022-04-04,0,0,1,0,0.4235,0.0714,0.1625,0.5536,False,False,True
2022-04-05,1,0,1,0,0.4256,0.0714,0.1373,0.6471,False,True,False
2022-04-06,0,0,1,0,0.4113,0.0714,0.5348,0.5778,True,False,False
2022-04-07,0,0,0,0,0.4129,0.0714,0.3385,0.4361,False,True,False
2022-04-08,0,0,0,0,0.3989,0.0714,0.3325,0.5084,False,False,True
2022-04-11,0,0,1,0,0.3447,0.0714,0.2493,0.5806,False,True,False
2022-04-12,0,0,1,1,0.5861,0.0714,0.1814,0.494,False,True,False
2022-04-13,0,0,1,1,0.6861,0.0714,0.4399,0.4847,True,False,False
2022-04-14,0,0,0,0,0.4215,0.0714,0.2022,0.5036,False,True,False
2022-04-18,1,1,1,0,0.4338,0.1429,0.2152,0.6574,False,False,True
2022-04-19,0,0,0,0,0.3997,0.0714,0.1998,0.4716,False,False,True
2022-04-20,0,0,0,0,0.4183,0.0714,0.2221,0.4836,True,False,False
2022-04-22,0,0,0,0,0.2882,0.1429,0.1979,0.4897,False,True,False
2022-04-25,0,0,0,0,0.3664,0.0714,0.4294,0.4833,True,False,False
2022-04-26,0,0,1,0,0.3477,0.0714,0.3762,0.6384,False,True,False
2022-04-27,0,0,1,1,0.6227,0.0714,0.436,0.4096,True,False,False
2022-04-28,0,0,0,1,0.5385,0.0714,0.2265,0.5926,False,True,False
2022-04-29,0,0,0,1,0.5942,0.0714,0.3598,0.6171,True,False,False
2022-05-02,1,1,1,0,0.4397,0.0714,0.9001,0.6536,True,False,False
2022-05-03,1,1,0,1,0.4586,0.0714,0.5382,0.7019,False,True,False
2022-05-04,0,0,0,0,0.398,0.0714,0.2237,0.502,False,True,False
2022-05-05,0,0,1,0,0.3371,0.0714,0.7091,0.5574,True,False,False
2022-05-06,1,1,0,0,0.4335,0.0714,0.6306,0.5044,False,True,False
2022-05-09,0,0,1,0,0.2605,0.0714,0.4776,0.7966,False,True,False
2022-05-10,0,0,0,1,0.5053,0.0714,0.3407,0.5874,False,True,False
2022-05-11,0,1,0,1,0.4625,0.0714,0.3711,0.7319,True,False,False
2022-05-12,1,0,1,0,0.3652,0.0714,0.4413,0.6718,True,False,False
2022-05-13,0,0,0,1,0.4878,0.0714,0.5085,0.5443,True,False,False
2022-05-16,1,1,0,1,0.4518,0.0714,0.3289,0.581,False,True,False
2022-05-17,0,0,1,1,0.5704,0.0714,0.3893,0.4904,True,False,False
2022-05-18,0,0,0,0,0.4167,0.0714,0.2734,0.4355,False,True,False
2022-05-19,0,0,1,1,0.4858,0.0714,0.5173,0.4439,True,False,False
2022-05-20,0,0,0,1,0.583,0.0714,0.2373,0.5651,False,True,False
2022-05-23,0,0,0,1,0.5212,0.0714,0.2818,0.6498,True,False,False
2022-05-24,0,0,1,0,0.3027,0.0714,0.3137,0.5623,True,False,False
2022-05-25,0,0,1,0,0.3802,0.0714,0.4291,0.693,True,False,False
2022-05-26,1,1,1,0,0.4385,0.0714,0.2743,0.5953,False,True,False
2022-05-27,0,0,0,0,0.426,0.0714,0.3425,0.5418,True,False,False
2022-05-30,0,0,1,1,0.5183,0.0714,0.1836,0.5418,False,True,False
2022-05-31,0,0,0,1,0.5108,0.0714,0.4109,0.5797,True,False,False
2022-06-01,0,0,1,1,0.5184,0.0714,0.2437,0.4584,False,True,False
2022-06-02,0,0,0,1,0.5348,0.0714,0.2336,0.5694,False,False,True
2022-06-03,0,0,0,0,0.3811,0.0714,0.3086,0.5392,True,False,False
2022-06-06,0,0,1,1,0.5118,0.0714,0.198,0.5291,False,True,False
2022-06-07,0,0,1,0,0.384,0.0714,0.3782,0.6372,True,False,False
2022-06-08,0,0,1,0,0.3647,0.0714,0.2048,0.578,False,True,False
2022-06-09,0,1,0,0,0.4352,0.0714,0.4076,0.471,True,False,False
2022-06-10,0,0,0,0,0.3354,0.0714,0.305,0.3815,False,True,False
2022-06-13,0,0,1,0,0.252,0.0714,0.3157,0.7606,False,False,True
2022-06-14,0,1,0,1,0.4637,0.0714,0.4553,0.7485,True,False,False
2022-06-15,0,0,1,1,0.8023,0.0714,0.4148,0.2758,False,True,False
2022-06-17,0,0,0,0,0.2416,0.1429,0.4339,0.4039,False,False,True
2022-06-20,1,0,1,0,0.4182,0.0714,0.5679,0.6646,True,False,False
2022-06-21,0,0,0,1,0.5099,0.0714,0.4306,0.8241,False,True,False
2022-06-22,0,0,0,0,0.3587,0.0714,0.4104,0.4822,False,False,True
2022-06-23,0,0,0,1,0.5003,0.0714,0.4972,0.614,True,False,False
2022-06-24,1,0,1,1,0.5543,0.0714,0.5236,0.3054,True,False,False
2022-06-27,0,1,0,1,0.4723,0.0714,0.3028,0.7525,False,True,False
2022-06-28,0,0,1,1,0.5315,0.0714,0.4342,0.5278,True,False,False
2022-06-29,0,0,0,1,0.4854,0.0714,0.4841,0.6799,True,False,False
2022-06-30,0,0,0,0,0.2671,0.0714,0.4351,0.5214,False,True,False
2022-07-01,0,0,0,0,0.369,0.0714,0.3379,0.4756,False,True,False
2022-07-04,0,0,1,0,0.37,0.0714,0.4519,0.5613,True,False,False
2022-07-05,0,0,1,0,0.3569,0.0714,0.2525,0.5958,False,True,False
2022-07-06,1,0,1,0,0.4058,0.0714,0.4169,0.7502,True,False,False
2022-07-07,0,0,0,1,0.5704,0.0714,0.3778,0.7123,False,True,False
2022-07-08,1,1,1,0,0.4426,0.0714,0.3302,0.786,False,True,False
2022-07-11,0,0,0,0,0.3059,0.0714,0.3417,0.4848,False,False,True
2022-07-12,0,1,0,0,0.4328,0.0714,0.2957,0.3355,False,True,False
2022-07-13,0,0,1,0,0.3638,0.0714,0.3226,0.668,True,False,False
2022-07-14,0,0,0,0,0.3031,0.0714,0.3339,0.4106,False,False,True
2022-07-28,0,0,1,1,1.0,0.7143,0.2401,0.447,False,True,False
2022-07-29,0,0,1,1,0.4994,0.0714,0.3529,0.4294,True,False,False
2022-08-01,0,0,0,0,0.4178,0.0714,0.2965,0.5306,False,True,False
2022-08-02,1,1,1,0,0.44,0.0714,0.327,0.6328,True,False,False
2022-08-03,0,0,1,1,0.4839,0.0714,0.4005,0.4081,True,False,False
2022-08-04,0,0,0,1,0.5373,0.0714,0.2211,0.5497,False,True,False
2022-08-05,1,1,0,0,0.4459,0.0714,0.3289,0.5416,True,False,False
2022-08-08,0,0,1,1,0.5293,0.0714,0.3404,0.5285,False,False,True
2022-08-09,0,0,0,1,0.4998,0.0714,0.2837,0.6428,False,True,False
2022-08-10,0,0,0,1,0.5804,0.0714,0.2774,0.5854,False,False,True
2022-08-11,0,0,1,1,0.5495,0.0714,0.2075,0.4935,False,True,False
2022-08-12,0,0,0,1,0.49,0.0714,0.376,0.6365,True,False,False
2022-08-15,0,0,1,0,0.3234,0.0714,0.4045,0.6233,True,False,False
2022-08-16,1,1,0,0,0.4373,0.0714,0.4063,0.5117,False,False,True
2022-08-17,0,0,0,1,0.5381,0.0714,0.178,0.6408,False,True,False
2022-08-18,0,0,1,1,0.4772,0.0714,0.3306,0.4686,True,False,False
2022-08-19,0,0,0,0,0.3544,0.0714,0.1786,0.5319,False,True,False
2022-08-22,0,0,0,0,0.355,0.0714,0.3286,0.4737,True,False,False
2022-08-23,0,1,0,1,0.471,0.0714,0.1992,0.5871,False,True,False
2022-08-24,1,0,1,0,0.4131,0.0714,0.4141,0.6782,True,False,False
2022-08-25,0,0,0,1,0.5073,0.0714,0.2463,0.7582,False,True,False
2022-08-26,1,0,0,1,0.4759,0.0714,0.2424,0.6817,False,False,True
2022-08-29,0,0,1,0,0.3971,0.0714,0.4063,0.5568,True,False,False
2022-08-30,0,1,0,1,0.4642,0.0714,0.301,0.6312,False,True,False
2022-08-31,1,0,1,1,0.4951,0.0714,0.5108,0.4081,True,False,False
2022-09-01,1,1,0,1,0.4593,0.0714,0.3516,0.636,False,True,False
2022-09-02,0,0,1,1,0.5395,0.0714,0.4135,0.5066,True,False,False
2022-09-05,0,0,0,1,0.5354,0.0714,0.3432,0.8324,False,True,False
2022-09-06,0,0,0,0,0.3394,0.0714,0.1833,0.3351,False,True,False
2022-09-08,1,0,1,1,0.4959,0.1429,0.3559,0.3968,True,False,False
2022-09-09,0,0,0,1,0.5637,0.0714,0.4229,0.8269,True,False,False
2022-09-12,0,0,0,1,0.5344,0.0714,0.2773,0.7821,False,True,False
2022-09-13,0,0,0,0,0.2779,0.0714,0.1785,0.5091,False,True,False
2022-09-14,1,1,0,0,0.4423,0.0714,0.4344,0.4047,True,False,False
2022-09-15,1,0,1,0,0.4248,0.0714,0.2725,0.6869,False,True,False
2022-09-16,0,0,0,0,0.3515,0.0714,0.3187,0.4618,True,False,False
2022-09-19,0,0,1,0,0.3775,0.0714,0.1952,0.5806,False,True,False
2022-09-20,1,0,1,0,0.4218,0.0714,0.7169,0.9599,True,False,False
2022-09-21,1,1,1,0,0.4406,0.0714,0.2374,0.7769,False,True,False
2022-09-22,0,0,0,1,0.5799,0.0714,0.3904,0.6437,True,False,False
2022-09-23,0,0,1,0,0.2439,0.0714,0.4874,0.6575,True,False,False
2022-09-26,0,0,1,0,0.3313,0.0714,0.3322,0.6131,False,True,False
2022-09-27,0,0,1,1,0.5556,0.0714,0.4106,0.442,True,False,False
2022-09-28,1,1,0,0,0.4479,0.0714,0.4087,0.435,False,False,True
2022-09-29,0,0,1,0,0.3277,0.0714,0.2217,0.8554,False,True,False
2022-09-30,0,0,0,0,0.4177,0.0714,0.3934,0.4391,True,False,False
2022-10-03,0,0,1,1,0.8009,0.0714,0.6409,0.5319,True,False,False
2022-10-04,0,0,1,1,0.6369,0.0714,0.5627,0.3963,False,True,False
2022-10-05,1,1,1,1,0.4716,0.0714,0.463,0.5224,False,True,False
2022-10-06,0,0,1,1,0.5127,0.0714,0.3039,0.4268,False,True,False
2022-10-07,0,0,1,0,0.4056,0.0714,0.2312,0.5974,False,True,False
2022-10-10,1,0,1,1,0.5186,0.0714,0.369,0.3316,True,False,False
2022-10-11,0,0,1,0,0.3953,0.0714,0.3562,0.7211,False,False,True
2022-10-13,1,0,1,1,0.4994,0.1429,0.2968,0.5173,False,True,False
2022-10-14,1,1,1,1,0.4662,0.0714,0.5167,0.4787,True,False,False
2022-10-17,0,0,1,1,0.5402,0.0714,0.5754,0.5171,True,False,False
2022-10-18,0,0,0,1,0.5969,0.0714,0.3756,0.5805,False,True,False
2022-10-19,1,1,1,1,0.4543,0.0714,0.29,0.5082,False,True,False
2022-10-20,0,0,0,1,0.5211,0.0714,0.2241,0.5562,False,True,False
2022-10-21,0,0,1,0,0.3893,0.0714,0.1696,0.7689,False,True,False
2022-10-24,0,0,1,0,0.2949,0.0714,0.7331,0.5702,True,False,False
2022-10-25,0,0,0,0,0.4123,0.0714,0.4962,0.5274,False,True,False
2022-10-26,0,0,0,0,0.3488,0.0714,0.3169,0.5098,False,True,False
2022-10-27,0,0,1,1,0.5204,0.0714,0.3466,0.4901,True,False,False
2022-10-28,0,0,1,0,0.3005,0.0714,0.6442,0.628,True,False,False
2022-10-31,0,0,1,0,0.1923,0.0714,0.2857,0.7242,False,True,False
2022-11-01,0,0,1,1,0.5642,0.0714,0.9269,0.4084,True,False,False
2022-11-03,0,0,0,0,0.2696,0.1429,0.5075,0.4204,False,True,False
2022-11-04,0,0,0,1,0.6574,0.0714,0.5594,0.765,True,False,False
2022-11-07,0,0,0,0,0.3709,0.0714,0.358,0.5276,False,True,False
2022-11-08,1,0,1,0,0.3695,0.0714,0.5459,0.696,True,False,False
2022-11-09,0,0,1,0,0.361,0.0714,0.5531,0.5686,False,False,True
2022-11-10,0,0,1,0,0.2111,0.0714,0.5429,0.5746,False,False,True
2022-11-11,0,0,0,1,0.503,0.0714,0.7763,0.8133,True,False,False
2022-11-14,0,0,1,1,0.5817,0.0714,0.7347,0.4136,False,True,False
2022-11-16,0,0,1,0,0.3528,0.1429,0.4477,0.6313,False,True,False
2022-11-17,0,0,0,0,0.2563,0.0714,0.72,0.5235,True,False,False
2022-11-18,0,0,1,1,0.6361,0.0714,0.3262,0.4885,False,True,False
2022-11-21,0,0,0,1,0.5127,0.0714,0.5935,0.747,True,False,False
2022-11-22,0,0,1,1,0.5158,0.0714,0.4473,0.5392,False,True,False
2022-11-23,0,1,0,1,0.4673,0.0714,0.4802,0.6588,True,False,False
2022-11-24,0,0,0,1,0.5433,0.0714,0.2804,0.6033,False,True,False
2022-11-25,1,1,0,0,0.4381,0.0714,0.6043,0.3982,True,False,False
2022-11-28,1,0,1,1,0.4797,0.0714,0.6702,0.3477,True,False,False
2022-11-29,0,0,0,1,0.5082,0.0714,0.2184,0.619,False,True,False
2022-11-30,1,1,0,0,0.4399,0.0714,0.5777,0.4731,True,False,False
2022-12-01,1,1,1,1,0.4711,0.0714,0.3839,0.438,False,True,False
2022-12-02,1,0,1,1,0.4744,0.0714,0.2845,0.4428,False,True,False
2022-12-05,0,0,1,0,0.3758,0.0714,0.7338,0.6001,True,False,False
2022-12-06,1,0,1,1,0.5031,0.0714,0.47,0.4545,False,True,False
2022-12-07,1,1,0,1,0.4546,0.0714,0.2839,0.5778,False,True,False
2022-12-08,0,0,0,0,0.3906,0.0714,0.3156,0.5417,True,False,False
2022-12-09,1,0,1,1,0.5249,0.0714,0.415,0.4159,True,False,False
2022-12-12,0,0,1,0,0.378,0.0714,0.3005,0.6474,False,True,False
2022-12-13,0,0,0,1,0.5055,0.0714,0.741,0.6704,True,False,False
2022-12-14,0,0,1,1,0.5326,0.0714,0.7176,0.5253,False,True,False
2022-12-15,0,0,0,0,0.3706,0.0714,0.4528,0.5389,False,True,False
2022-12-16,0,0,1,0,0.3695,0.0714,0.5458,0.6571,True,False,False
2022-12-19,0,0,1,1,0.4896,0.0714,0.3715,0.4606,False,True,False
2022-12-20,0,1,0,1,0.4682,0.0714,0.4648,0.6349,True,False,False
2022-12-21,0,0,0,1,0.4993,0.0714,0.6909,0.6585,True,False,False
2022-12-22,0,0,1,1,0.4812,0.0714,0.3816,0.4925,False,True,False
2022-12-23,0,0,0,1,0.554,0.0714,0.3823,0.6294,False,False,True
2022-12-26,1,1,1,1,0.457,0.0714,0.4019,0.399,False,False,True
2022-12-27,1,0,1,1,0.4923,0.0714,0.2708,0.5289,False,True,False
2022-12-28,0,0,1,1,0.5328,0.0714,0.4,0.4957,True,False,False
2022-12-29,0,0,1,1,0.5172,0.0714,0.3465,0.3707,False,True,False
2023-01-02,0,0,0,0,0.256,0.1429,0.325,0.5339,False,True,False
2023-01-03,1,1,1,0,0.4356,0.0714,0.4391,0.5496,True,False,False
2023-01-04,1,1,0,0,0.4468,0.0714,0.421,0.496,False,False,True
2023-01-05,0,0,1,1,0.5145,0.0714,0.3745,0.4757,False,True,False
2023-01-06,0,1,0,1,0.4658,0.0714,0.4782,0.643,True,False,False
2023-01-09,1,1,0,0,0.4326,0.0714,0.3298,0.4282,False,True,False
2023-01-10,0,0,0,0,0.3631,0.0714,0.336,0.5417,False,False,True
2023-01-11,1,0,1,0,0.4179,0.0714,0.5868,0.6887,True,False,False
2023-01-12,1,0,1,1,0.4882,0.0714,0.237,0.5293,False,True,False
2023-01-13,0,0,0,0,0.3177,0.0714,0.4328,0.4505,True,False,False
2023-01-16,0,0,1,0,0.3688,0.0714,0.1946,0.6157,False,True,False
2023-01-17,0,0,0,1,0.4959,0.0714,0.3214,0.7854,True,False,False
2023-01-18,0,0,1,1,0.5813,0.0714,0.3613,0.5193,True,False,False
2023-01-19,0,0,1,0,0.2832,0.0714,0.225,0.7573,False,True,False
2023-01-20,0,0,1,0,0.4101,0.0714,0.4346,0.5593,True,False,False
2023-01-23,1,1,1,0,0.4321,0.0714,0.2163,0.9334,False,True,False
2023-01-24,1,1,1,0,0.448,0.0714,0.243,0.7654,True,False,False
2023-01-25,1,1,1,0,0.4434,0.0714,0.246,0.5742,False,False,True
2023-01-26,1,1,0,1,0.4677,0.0714,0.4648,0.5467,True,False,False
2023-01-27,0,1,1,0,0.4278,0.0714,0.2353,0.574,False,True,False
2023-01-30,1,0,0,1,0.4834,0.0714,0.3836,0.6143,True,False,False
2023-01-31,0,0,0,1,0.4747,0.0714,0.2274,0.7151,False,True,False
2023-02-01,1,0,1,0,0.4235,0.0714,0.2642,0.5767,True,False,False
2023-02-02,1,0,1,0,0.3748,0.0714,0.5358,0.6739,True,False,False
2023-02-03,0,0,1,0,0.4007,0.0714,0.5697,0.7041,True,False,False
2023-02-06,1,1,1,0,0.4333,0.0714,0.4521,0.573,False,True,False
2023-02-07,1,1,1,1,0.4731,0.0714,0.2503,0.2846,False,True,False
2023-02-08,0,0,1,1,0.5254,0.0714,0.345,0.5157,True,False,False
2023-02-09,0,1,0,0,0.4451,0.0714,0.3702,0.3951,True,False,False
2023-02-10,1,0,1,0,0.3709,0.0714,0.3783,0.7633,False,False,True
2023-02-13,0,0,0,0,0.4119,0.0714,0.2727,0.4471,False,True,False
2023-02-14,1,0,1,1,0.5046,0.0714,0.3594,0.521,True,False,False
2023-02-15,0,0,0,1,0.6051,0.0714,0.4035,0.6144,True,False,False
2023-02-16,0,0,1,0,0.3817,0.0714,0.5846,0.6211,True,False,False
2023-02-17,0,0,0,0,0.3722,0.0714,0.4061,0.4551,False,True,False
2023-02-22,0,0,0,0,0.312,0.2143,0.1781,0.0,False,True,False
2023-02-23,0,0,0,1,0.4819,0.0714,0.3079,0.6512,True,False,False
2023-02-24,0,0,1,0,0.4257,0.0714,0.4089,0.6198,True,False,False
2023-02-27,1,1,0,1,0.467,0.0714,0.4349,0.6339,True,False,False
2023-02-28,1,1,0,0,0.4263,0.0714,0.2474,0.4861,False,True,False
2023-03-01,0,0,1,0,0.3892,0.0714,0.358,0.6243,True,False,False
2023-03-02,1,1,1,1,0.4613,0.0714,0.4502,0.4826,True,False,False
2023-03-03,0,0,1,0,0.4073,0.0714,0.2442,0.6118,False,True,False
2023-03-06,1,1,1,1,0.4669,0.0714,0.1897,0.4905,False,True,False
2023-03-07,0,1,1,0,0.4279,0.0714,0.4192,0.5523,True,False,False
2023-03-08,0,0,0,1,0.502,0.0714,0.3383,0.6704,False,True,False
2023-03-09,1,1,1,0,0.4376,0.0714,0.462,0.642,True,False,False
2023-03-10,0,0,0,0,0.294,0.0714,0.2058,0.4101,False,True,False
2023-03-13,0,0,1,0,0.326,0.0714,0.3671,0.5826,True,False,False
2023-03-14,0,1,0,1,0.466,0.0714,0.3568,0.6695,False,False,True
2023-03-15,0,0,0,0,0.3065,0.0714,0.3487,0.392,False,False,True
2023-03-16,1,1,0,1,0.4534,0.0714,0.4938,0.6236,True,False,False
2023-03-17,0,0,0,0,0.3907,0.0714,0.3096,0.3393,False,True,False
2023-03-20,0,0,1,0,0.413,0.0714,0.2736,0.6491,False,True,False
2023-03-21,0,1,0,1,0.4726,0.0714,0.3524,0.6222,True,False,False
2023-03-22,0,1,0,0,0.4327,0.0714,0.1641,0.4913,False,True,False
2023-03-23,0,0,1,1,0.4995,0.0714,0.4011,0.4995,True,False,False
2023-03-24,1,0,0,1,0.4777,0.0714,0.8844,0.5443,True,False,False
2023-03-27,0,0,1,1,0.5303,0.0714,0.3463,0.5047,False,True,False
2023-03-28,1,1,1,0,0.4324,0.0714,0.2058,0.5812,False,True,False
2023-03-29,1,0,1,1,0.5272,0.0714,0.4738,0.3863,True,False,False
2023-03-30,0,0,1,1,0.6077,0.0714,0.4266,0.5197,False,True,False
2023-03-31,1,1,0,0,0.4488,0.0714,0.2994,0.4708,False,True,False
2023-04-03,1,1,1,1,0.4694,0.0714,0.536,0.3534,True,False,False
2023-04-04,0,0,1,1,0.5141,0.0714,0.3242,0.4695,False,True,False
2023-04-05,0,1,0,0,0.4318,0.0714,0.2823,0.536,False,True,False
2023-04-06,1,0,1,0,0.4175,0.0714,0.4505,0.7889,True,False,False
2023-04-10,0,0,0,1,0.4963,0.1429,0.2487,0.5946,False,True,False
2023-04-11,0,0,0,1,0.6018,0.0714,0.1933,0.8265,False,True,False
2023-04-12,0,0,1,1,0.6893,0.0714,0.6312,0.5104,True,False,False
2023-04-13,1,1,1,1,0.4668,0.0714,0.3983,0.4117,False,True,False
2023-04-14,0,0,0,0,0.4153,0.0714,0.2024,0.1591,False,True,False
2023-04-17,1,1,0,1,0.4508,0.0714,0.3795,0.5521,True,False,False
2023-04-18,1,0,1,1,0.5099,0.0714,0.2447,0.2233,False,True,False
2023-04-19,0,0,1,0,0.322,0.0714,0.3248,0.6372,True,False,False
